SQL> INSERT INTO DEPARTMENT VALUES('Services', 1, '123456789', '11-AUG-2012');
INSERT INTO DEPARTMENT VALUES('Services', 1, '123456789', '11-AUG-2012')
*
ERROR at line 1:
ORA-00001: unique constraint (RXB9054.SYS_C001768603) violated 


SQL> INSERT INTO DEPARTMENT VALUES('Purchasing', 3, '990110110', '02-FEB-2013');
INSERT INTO DEPARTMENT VALUES('Purchasing', 3, '990110110', '02-FEB-2013')
*
ERROR at line 1:
ORA-00001: unique constraint (RXB9054.SYS_C001768603) violated 


SQL> INSERT INTO DEPARTMENT VALUES('Customers', 12, '333445555', '14-JAN-2013');

1 row created.

SQL> SELECT * FROM DEPARTMENT;

DNAME              DNUMBER MGR_SSN   MGR_START                                  
--------------- ---------- --------- ---------                                  
Research                 5 333445555 22-MAY-78                                  
Administration           4 987654321 01-JAN-85                                  
Headquarters             1 888665555 19-JUN-71                                  
Software                 6 111111100 15-MAY-99                                  
Hardware                 7 444444400 15-MAY-98                                  
Sales                    8 555555500 01-JAN-97                                  
HR                       9 112244668 01-FEB-89                                  
Networking               3 110110110 15-MAY-09                                  
QA                      11 913323708 02-FEB-10                                  
Customers               12 333445555 14-JAN-13                                  

10 rows selected.

SQL> UPDATE DEPT_LOCATIONS SET DNUMBER=9
  2  WHERE DLOCATION='Seattle';

1 row updated.

SQL> SELECT * FROM DEPT_LOCATIONS;

   DNUMBER DLOCATION                                                            
---------- ---------------                                                      
         1 Houston                                                              
         4 Stafford                                                             
         5 Bellaire                                                             
         5 Houston                                                              
         5 Sugarland                                                            
         6 Atlanta                                                              
         6 Sacramento                                                           
         7 Milwaukee                                                            
         8 Chicago                                                              
         8 Dallas                                                               
         8 Miami                                                                

   DNUMBER DLOCATION                                                            
---------- ---------------                                                      
         8 Philadephia                                                          
         9 Arlington                                                            
         9 Seattle                                                              
        11 Austin                                                               

15 rows selected.

SQL> UPDATE EMPLOYEE SET SALARY=55000
  2  WHERE SSN=444444444;

0 rows updated.

SQL> INSERT INTO EMPLOYEE VALUES('Jane', 'B', 'Smith', '666666606', '01-MAR-1980', '3556 W Second Street,Miami,FL', 'F', 85000, '666666603', 5);
INSERT INTO EMPLOYEE VALUES('Jane', 'B', 'Smith', '666666606', '01-MAR-1980', '3556 W Second Street,Miami,FL', 'F', 85000, '666666603', 5)
*
ERROR at line 1:
ORA-00001: unique constraint (RXB9054.SYS_C001768599) violated 


SQL> UPDATE WORKS_ON SET PNO=25
  2  WHERE ESSN='666884444' AND PNO=1;

0 rows updated.

SQL> SELECT * FROM EMPLOYEE;

FNAME           MINIT LNAME           SSN       BDATE                           
--------------- ----- --------------- --------- ---------                       
ADDRESS                        S     SALARY SUPER_SSN        DNO                
------------------------------ - ---------- --------- ----------                
James           E     Jordan          888665151 10-NOV-27                       
450 Stone,Houston,TX           M      55000                    1                
                                                                                
Frank           T     Wong            333445555 08-DEC-45                       
638 Voss,Houston,TX            M      40000 888665555          5                
                                                                                
Jennifer        S     Wallace         987654321 20-JUN-31                       
291 Berry,Bellaire,TX          F      43000 888665555          4                
                                                                                

FNAME           MINIT LNAME           SSN       BDATE                           
--------------- ----- --------------- --------- ---------                       
ADDRESS                        S     SALARY SUPER_SSN        DNO                
------------------------------ - ---------- --------- ----------                
Jared           D     James           111111100 10-OCT-66                       
123 Peachtr,Atlanta,GA         M      85000                    6                
                                                                                
Alex            D     Freed           444444400 09-OCT-50                       
4333 Pillsbury,Milwaukee,WI    M      89000                    7                
                                                                                
John            C     James           555555500 30-JUN-75                       
766 Bloomington,Sacramento,CA  M      81000                    8                
                                                                                

FNAME           MINIT LNAME           SSN       BDATE                           
--------------- ----- --------------- --------- ---------                       
ADDRESS                        S     SALARY SUPER_SSN        DNO                
------------------------------ - ---------- --------- ----------                
John            B     Smith           123456789 09-JAN-55                       
731 Fondren,Houston,TX         M      30000 333445555          5                
                                                                                
Alicia          J     Zelaya          999887777 19-JUL-58                       
3321 Castle,Spring,TX          F      25000 987654321          4                
                                                                                
Ramesh          K     Narayan         666884444 15-SEP-52                       
971 Fire Oak,Humble,TX         M      38000 333445555          5                
                                                                                

FNAME           MINIT LNAME           SSN       BDATE                           
--------------- ----- --------------- --------- ---------                       
ADDRESS                        S     SALARY SUPER_SSN        DNO                
------------------------------ - ---------- --------- ----------                
Joyce           A     English         453453453 31-JUL-62                       
5631 Rice Oak,Houston,TX       F      25000 333445555          5                
                                                                                
Ahmad           V     Jabbar          987987987 29-MAR-59                       
980 Dallas,Houston,TX          M      25000 987654321          4                
                                                                                
Jon             C     Jones           111111101 14-NOV-67                       
111 Allgood,Atlanta,GA         M      45000 111111100          6                
                                                                                

FNAME           MINIT LNAME           SSN       BDATE                           
--------------- ----- --------------- --------- ---------                       
ADDRESS                        S     SALARY SUPER_SSN        DNO                
------------------------------ - ---------- --------- ----------                
Justin                Mark            111111102 12-JAN-66                       
2342 May,Atlanta,GA            M      40000 111111100          6                
                                                                                
Brad            C     Knight          111111103 13-FEB-68                       
176 Main St.,Atlanta,GA        M      44000 111111100          6                
                                                                                
Evan            E     Wallis          222222200 16-JAN-58                       
134 Pelham,Milwaukee,WI        M      92000                    7                
                                                                                

FNAME           MINIT LNAME           SSN       BDATE                           
--------------- ----- --------------- --------- ---------                       
ADDRESS                        S     SALARY SUPER_SSN        DNO                
------------------------------ - ---------- --------- ----------                
Josh            U     Zell            222222201 22-MAY-54                       
266 McGrady,Milwaukee,WI       M      56000 222222200          7                
                                                                                
Andy            C     Vile            222222202 21-JUN-44                       
1967 Jordan,Milwaukee,WI       M      53000 222222200          7                
                                                                                
Tom             G     Brand           222222203 16-DEC-66                       
112 Third St,Milwaukee,WI      M      62500 222222200          7                
                                                                                

FNAME           MINIT LNAME           SSN       BDATE                           
--------------- ----- --------------- --------- ---------                       
ADDRESS                        S     SALARY SUPER_SSN        DNO                
------------------------------ - ---------- --------- ----------                
Jenny           F     Vos             222222204 11-NOV-67                       
263 Mayberry,Milwaukee,WI      F      61000 222222201          7                
                                                                                
Chris           A     Carter          222222205 21-MAR-60                       
565 Jordan,Milwaukee,WI        F      43000 222222201          7                
                                                                                
Kim             C     Grace           333333300 23-OCT-70                       
667 Mills Ave,Sacramento,CA    F      79000                    6                
                                                                                

FNAME           MINIT LNAME           SSN       BDATE                           
--------------- ----- --------------- --------- ---------                       
ADDRESS                        S     SALARY SUPER_SSN        DNO                
------------------------------ - ---------- --------- ----------                
Jeff            H     Chase           333333301 07-JAN-70                       
15 Bradbury,Sacramento,CA      M      44000 333333300          6                
                                                                                
Bonnie          S     Bays            444444401 19-JUN-56                       
111 Hollow,Milwaukee,WI        F      70000 444444400          7                
                                                                                
Alec            C     Best            444444402 18-JUN-66                       
233 Solid,Milwaukee,WI         M      60000 444444400          7                
                                                                                

FNAME           MINIT LNAME           SSN       BDATE                           
--------------- ----- --------------- --------- ---------                       
ADDRESS                        S     SALARY SUPER_SSN        DNO                
------------------------------ - ---------- --------- ----------                
Sam             S     Snedden         444444403 31-JUL-77                       
97 Windy St,Milwaukee,WI       M      48000 444444400          7                
                                                                                
Nandita         K     Ball            555555501 16-APR-69                       
222 Howard,Sacramento,CA       M      62000 555555500          6                
                                                                                
Bob             B     Bender          666666600 17-APR-68                       
8794 Garfield,Chicago,IL       M      96000                    8                
                                                                                

FNAME           MINIT LNAME           SSN       BDATE                           
--------------- ----- --------------- --------- ---------                       
ADDRESS                        S     SALARY SUPER_SSN        DNO                
------------------------------ - ---------- --------- ----------                
Jill            J     Jarvis          666666601 14-JAN-66                       
6234 Lincoln,Chicago,IL        F      36000 666666600          8                
                                                                                
Kate            W     King            666666602 16-APR-66                       
1976 Boone Trace,Chicago,IL    F      44000 666666600          8                
                                                                                
Lyle            G     Leslie          666666603 09-JUN-63                       
417 Hancock Ave,Chicago,IL     M      41000 666666601          8                
                                                                                

FNAME           MINIT LNAME           SSN       BDATE                           
--------------- ----- --------------- --------- ---------                       
ADDRESS                        S     SALARY SUPER_SSN        DNO                
------------------------------ - ---------- --------- ----------                
Billie          J     King            666666604 01-JAN-60                       
556 Washington,Chicago,IL      F      38000 666666603          8                
                                                                                
Megan           G     Jones           254937381 02-MAR-61                       
528 Stone CT,Chicago,IL        F      62000 666666600          8                
                                                                                
Jon             A     Kramer          666666605 22-AUG-64                       
1988 Windy Creek,Seattle,WA    M      41500 666666603          8                
                                                                                

FNAME           MINIT LNAME           SSN       BDATE                           
--------------- ----- --------------- --------- ---------                       
ADDRESS                        S     SALARY SUPER_SSN        DNO                
------------------------------ - ---------- --------- ----------                
Ray             H     King            666666606 16-AUG-49                       
213 Delk Road,Seattle,WA       M      44500 666666604          8                
                                                                                
Gerald          D     Small           666666607 15-MAY-62                       
122 Ball Street,Dallas,TX      M      29000 666666602          8                
                                                                                
Arnold          A     Head            666666608 19-MAY-67                       
233 Spring St,Dallas,TX        M      33000 666666602          8                
                                                                                

FNAME           MINIT LNAME           SSN       BDATE                           
--------------- ----- --------------- --------- ---------                       
ADDRESS                        S     SALARY SUPER_SSN        DNO                
------------------------------ - ---------- --------- ----------                
Helga           C     Pataki          666666609 11-MAR-69                       
101 Holyoke St,Dallas,TX       F      32000 666666602          8                
                                                                                
Naveen          B     Drew            666666610 23-MAY-70                       
198 Elm St,Philadelphia,PA     M      34000 666666607          8                
                                                                                
Carl            E     Reedy           666666611 21-JUN-77                       
213 Ball St,Philadelphia,PA    M      32000 666666610          8                
                                                                                

FNAME           MINIT LNAME           SSN       BDATE                           
--------------- ----- --------------- --------- ---------                       
ADDRESS                        S     SALARY SUPER_SSN        DNO                
------------------------------ - ---------- --------- ----------                
Sammy           G     Hall            666666612 11-JAN-70                       
433 Main Street,Miami,FL       M      37000 666666611          8                
                                                                                
Red             A     Bacher          666666613 21-MAY-80                       
196 Elm Street,Miami,FL        M      33500 666666612          8                
                                                                                
Roy             C     Lewallen        999999999 02-MAR-77                       
14 Wynncrest Street,Dallas,TX  M      75500 666666600          8                
                                                                                

FNAME           MINIT LNAME           SSN       BDATE                           
--------------- ----- --------------- --------- ---------                       
ADDRESS                        S     SALARY SUPER_SSN        DNO                
------------------------------ - ---------- --------- ----------                
John            T     Ed              222333444 18-FEB-81                       
4505 West St,Rochester,NY      M      30000 555555501          6                
                                                                                
Jennifer        A     Joy             223344667 19-MAY-76                       
1204 Main St,Miami,FL          F      45000 666666613          8                
                                                                                
Kim             G     Ted             444222666 15-APR-68                       
3648 Tree Cir,Austin,TX        M      50000 999999999          8                
                                                                                

FNAME           MINIT LNAME           SSN       BDATE                           
--------------- ----- --------------- --------- ---------                       
ADDRESS                        S     SALARY SUPER_SSN        DNO                
------------------------------ - ---------- --------- ----------                
Juan            G     Linda           112244668 23-JUN-65                       
1210 Apple St,Austin,TX        F      55000                    9                
                                                                                
Jose            H     Barbara         343434344 28-FEB-55                       
905 East St,Kleen,TX           F      35000 444444400          6                
                                                                                
willie          D     Mary            234234234 20-DEC-61                       
101 South St,Arlington,TX      F      12000 112244668          9                
                                                                                

FNAME           MINIT LNAME           SSN       BDATE                           
--------------- ----- --------------- --------- ---------                       
ADDRESS                        S     SALARY SUPER_SSN        DNO                
------------------------------ - ---------- --------- ----------                
Erin            A     Maxfield        242535609 22-DEC-71                       
123 Copper St,Arlington,TX     F      72000 555555500          8                
                                                                                
Sunil           D     Gupta           110110110 01-FEB-01                       
4312 Bowen Rd,Arlington,TX     M      80000 111111100          3                
                                                                                
Penny           G     Wolowitz        673466642 21-JAN-74                       
42 South Blvd,Miami,FL         F      17000 222333444          6                
                                                                                

FNAME           MINIT LNAME           SSN       BDATE                           
--------------- ----- --------------- --------- ---------                       
ADDRESS                        S     SALARY SUPER_SSN        DNO                
------------------------------ - ---------- --------- ----------                
Michael         A     Morgan          636669233 11-MAY-84                       
26 Sunset Blvd,Miami,FL        M      73500 666666612          5                
                                                                                
Sheldon         C     Cucuou          849934919 22-MAR-74                       
11 Hollywood Blvd,Dallas,TX    M      35500 888665555          8                
                                                                                
Debra           T     Hall            202843824 11-MAR-83                       
45 NY St,Rochester,NY          F      30000 555555501          6                
                                                                                

FNAME           MINIT LNAME           SSN       BDATE                           
--------------- ----- --------------- --------- ---------                       
ADDRESS                        S     SALARY SUPER_SSN        DNO                
------------------------------ - ---------- --------- ----------                
Jisha           A     Carpenter       292740167 29-MAY-85                       
194 Beachdr,Miami,FL           F      15000 666666613          1                
                                                                                
Gregory         G     Laurie          444212096 15-SEP-69                       
78 Tree Cir,Houston,TX         M      90000 444444400          7                
                                                                                
Lisa            G     House           101248268 29-JUN-75                       
12 Maple St,Austin,TX          F      85000                    7                
                                                                                

FNAME           MINIT LNAME           SSN       BDATE                           
--------------- ----- --------------- --------- ---------                       
ADDRESS                        S     SALARY SUPER_SSN        DNO                
------------------------------ - ---------- --------- ----------                
Leonard         H     Moody           349273344 09-FEB-73                       
908 Greek Row,Austin,TX        M      45000 444444400          7                
                                                                                
Jake            D     Sheen           245239264 25-DEC-54                       
20 North Co,Arlington,TX       M      52000 112244668          6                
                                                                                
Wilson          A     Holmes          242916639 02-JUN-71                       
21 South Co,Arlington,TX       M      72500 555555500          4                
                                                                                

FNAME           MINIT LNAME           SSN       BDATE                           
--------------- ----- --------------- --------- ---------                       
ADDRESS                        S     SALARY SUPER_SSN        DNO                
------------------------------ - ---------- --------- ----------                
Cameron         D     Thirteen        111422203 04-MAY-01                       
22 Univ Blvd,Arlington,TX      F      80000 987987987          4                
                                                                                
Joseph          K     Kirkish         913323708 04-MAR-96                       
22 UT Blvd,Austin,TX           M      95000                    7                
                                                                                
Andrea          M     Sondrini        614370310 30-DEC-96                       
1450 Worthington St,Houston,TX F      65000 444444401          5                
                                                                                

FNAME           MINIT LNAME           SSN       BDATE                           
--------------- ----- --------------- --------- ---------                       
ADDRESS                        S     SALARY SUPER_SSN        DNO                
------------------------------ - ---------- --------- ----------                
Cindy           K     Burklow         432765098 23-FEB-84                       
2015 Neil Ave,Miami,FL         F      45000 444444402          6                
                                                                                
Zach            A     Geller          913353347 15-AUG-90                       
333 PikeWay,Seattle,WA         M      55000 444444403          6                
                                                                                
Alex            C     Yu              001614905 17-OCT-80                       
626 Mary St,Dallas,TX          M      50000 444444400          6                
                                                                                

FNAME           MINIT LNAME           SSN       BDATE                           
--------------- ----- --------------- --------- ---------                       
ADDRESS                        S     SALARY SUPER_SSN        DNO                
------------------------------ - ---------- --------- ----------                
Richard         T     Koelbel         214370999 03-APR-76                       
50 Elk St,Chicago,IL           M      85000 999999999          4                
                                                                                
Christina       S     Hisel           241625699 05-JUL-86                       
37 Church Row,Rochester,NY     F      45000 123456789          6                
                                                                                
Percy           M     Liang           398172999 12-JUN-91                       
14 Maple St,Austin,TX          M      55000                    9                
                                                                                

FNAME           MINIT LNAME           SSN       BDATE                           
--------------- ----- --------------- --------- ---------                       
ADDRESS                        S     SALARY SUPER_SSN        DNO                
------------------------------ - ---------- --------- ----------                
James           U     Miller          906218888 27-MAY-78                       
13 Fifth St,Seattle,WA         M      75000 999999999          5                
                                                                                
siva            P     avis            888665555 31-JAN-18                       
404 BORDER                     M      76010 999999999          5                
                                                                                

71 rows selected.

SQL> DELETE FROM EMPLOYEE WHERE SSN= '432765098';
DELETE FROM EMPLOYEE WHERE SSN= '432765098'
*
ERROR at line 1:
ORA-02292: integrity constraint (RXB9054.FK1_WORKS_ON) violated - child record 
found 


SQL> DELETE FROM DEPARTMENT WHERE DNUMBER= 9;
DELETE FROM DEPARTMENT WHERE DNUMBER= 9
*
ERROR at line 1:
ORA-02292: integrity constraint (RXB9054.FK) violated - child record found 


SQL> DELETE FROM DEPENDENT WHERE ESSN='666666608';

3 rows deleted.

SQL> spool off
